id;name;phone;email;password_hash;favourite_address
0;Julie Klein;9536431521;douglas41@example.com;da95249ddcdf2c63c17f58450e187b4549654565dec07b0660554ec598faf0ef;
1;Christine Miller;001-977-161-7033x5590;michellecallahan@example.org;8c00bb5b4bbfc20f568ab4a76f99fc2d005fe23bbe5bda5c2da6c03317206704;
2;William Hopkins;+1-500-229-1881x1698;michael78@example.net;af9d44f987219a9f17a8f0894adf5251d6c2fa8e42bcc37aeda42773468fcd7a;
3;Ashley Watts;001-207-943-8104x9963;lopezmelanie@example.com;36f080186e8d9d4dee86f01ddf876e00fc2b01ff76a17f0b7ffb7ed4c3a38b00;
4;Kristen Green;001-932-952-0069;ysmith@example.com;09ffd583f9490141aeaacbe8796f0ab9fff43c168b092a5c655285e791b02f0c;
5;Matthew Reid;1220350059;markmiller@example.org;c40045f5e663d1244aa94f24fa49c26c06dd457f2b9cfe4b1e875764a671d1ae;
6;Nicholas Austin;+1-068-072-3896x014;david35@example.org;2e4c6882b5e79f481dad171f5890726bfd37274527d917cfe09aae0c5336fc84;
7;Joseph Farmer;+1-633-472-2931;wperez@example.org;56cbc6eae39bd004c6b8828de8ec9fc937ad7824410e5323784ec185304e147d;
8;Christine Shelton;373.087.1088x7422;fmclaughlin@example.com;ab1befee7e2fecc3c84255ec0e3edd29fc114064a9896705be23ca319f348b65;
9;Elizabeth Harrell;(908)828-5234;flynnwilliam@example.org;400bbedd9aef86fa8baa871bf224479d6f46c92e05b35414733e52bac96f3820;
10;Ashley Thompson;001-479-797-7520x0683;davidbailey@example.net;a0b20f50a556f94d39a3fe03029dfa89c611349bf7ed643633a739b992a2993d;
11;Eric Hernandez;001-386-442-7961x337;eflores@example.com;ac459096942ec01ed59ea09bbe3103d8c018928d107712ac73a457f083b6bc8d;
12;Victor Farrell;+1-192-017-0337x09563;gouldalexis@example.org;2c1a3de03fd4ba31dd8c270819127c92d97228fb55c3bd413c97782cc8b8bfba;
13;Kenneth Rivera;+1-438-439-2853x12814;pfletcher@example.org;dda4672628cfc080ca417670c160e81a425e768b644d8de662e439857f32f478;
14;David Jones;+1-164-512-3548x7736;vgallegos@example.net;5ba4b015a846b15a7d7635bbba03ec70f53f1e86506e45fae718e3b5ade59a2f;
